"","01[PQC_TK-CMV]","14[E8850_TK-CMV]","15[E8850_TK-CMV]","16[E8850_TK-CMV]","01[PQC_K-CMV]","11[HA259_K-CMV]","12[HA298_K-CMV]","13[HA334_K-CMV]"
"neg_00021_C00245",26.3024588156737,26.3852276102322,26.1996883861469,26.3132518799946,26.7135468581026,26.7794609441325,26.9560112476723,26.8363037287473
"neg_00083_C01879",22.297856382119,22.5857502019855,21.6764640698965,22.4774469969559,22.6804253451736,23.2986985808057,22.8112975432453,22.6771213520975
"neg_00096_C00025|C00979",24.9913030643216,24.9278435273825,24.8185601441917,25.0071637053547,25.2048565601884,24.9388672765507,25.4513138481246,25.454055254597
"neg_00123_C00209",19.8536240181173,20.1252068318042,19.8008664350768,20.1793426346919,19.4557961506786,20.7390858478033,16.8739080403822,16.6408953247644
"neg_00135_C00158|C00311",24.3066273382261,24.2033182448393,24.0576085348402,24.3176671022508,23.6203269134917,24.011362849458,23.2218638727813,23.6294476883102
"neg_00188_C00049",23.757926234851,23.8465417858832,23.7698066106875,21.0392846267339,23.9154703821516,24.0931931381794,24.336206232528,24.1810787678721
"neg_00192_C03547",24.7526957873146,24.8919678384003,24.5374342310989,24.7720981082823,25.0696482375062,25.1802580415222,25.2049319624897,25.3393322487915
"neg_00196_C01601",22.177610734006,22.252757440984,22.2521242845664,22.3558134337628,23.3187212346357,23.0375936908489,22.4962399292484,22.6687121774027
"neg_00197_C00249",23.1610282289647,22.8128237403357,23.4457669377026,22.8073890288339,21.761040025705,22.2698519700393,21.4297595619398,21.9624907215783
"neg_00201_C00186|C02154",25.7432425138642,25.7847068743178,25.5058841472419,25.797086640519,25.7020634626417,25.774310215705,25.8657882715387,25.6893035429131
"neg_00202_C01530",19.7825857218288,19.3305664326386,19.9046771113884,19.5335911757686,18.9112774387977,18.9640158969648,18.5923756949431,19.1531510230962
"neg_00213_C06423",19.1201941312658,19.4983978109427,18.9310233799035,19.4064558836032,20.5040346221522,20.194077278434,19.7634755547855,19.8345605711911
"neg_00229_C06424",20.7144789364987,20.551896093017,20.7445079526174,20.6273740676771,19.2260924759934,19.9717780735926,18.876897327945,19.384629588141
"neg_00230_C17714",18.6505440855687,18.9550724158898,18.5040103644407,18.9048494197461,19.5416024515997,19.5156739527963,18.9074675665558,18.9583292004501
"neg_00233_C00042|C02170",19.9435537081952,20.1107180141561,20.1954907974113,19.9734103842102,19.8875366422489,20.1592065011193,20.1942749865181,19.2697555026885
"neg_00236_C02679",17.9974826678269,18.2263117134235,18.2246350972404,18.3042860609591,17.9551085523196,18.4799717625591,17.8412436680156,17.8622023922567
"neg_00241_C01571",17.4186612693475,17.7251315030438,17.6786058126157,17.823627233204,18.3986072270423,18.6022919311676,18.0999125021051,18.1221012034905
"neg_00259_C00064",24.1241626728289,23.9986719463981,24.0449577203281,24.0845241073557,23.8068367807688,23.9572213815218,23.8678110859215,24.0971777457255
"neg_00269_C07086",21.0087203912987,20.7824897922512,21.4043523943575,20.8880748157996,20.0693388909948,20.7315850774305,19.8889854147007,20.2031328747748
"neg_00277_C01384",18.359796949217,17.7976537388455,17.6214393951299,18.2912234452715,18.6011360345151,17.6669503684504,19.6800052283937,19.5300141377961
"neg_00278_|C01712|C00712",19.9977500780771,20.1306502665734,19.7139395602144,20.0716042256638,20.0777491453832,20.9936863142364,19.5433377643718,19.8721269914919
"neg_00284_C08356|C00137|C00936|C01487||C19891",20.8726969084921,20.9528690176365,20.649592424142,20.7761877160936,21.0564216095772,21.337201281764,21.390498447762,20.7385555605448
"neg_00287_C01697|C00392|C00794",15.8013197358811,15.546449296006,15.9670407566513,15.8588276976761,16.2725923966322,15.3421943160608,16.3904809859683,17.0569570369276
"neg_00293_C00791",17.492079526686,17.6025741829809,17.3035234395334,17.4498116954756,16.8682014580344,18.3672191287956,16.2669044391001,16.022527252134
"neg_00295_C01551",18.0401127516115,18.240120542619,17.7087365962528,18.2153593857691,17.8471385598437,17.7850870296258,18.5572298430117,18.4801522533924
"neg_00299_C01727",13.692456417439,13.4487098735198,15.1494871605001,13.6472097349128,12.2171937593993,13.1648596372915,12.3047959839941,12.2780572167887
"neg_00305_C00407|C00123|C01933",21.2940931350562,21.3271727050485,21.0788661150867,21.178435231675,21.8693147822155,21.6609570568246,22.121257180353,22.0285326213651
"neg_00319_C04025",18.7869172945831,18.455014309797,19.4207054620796,18.6556662162822,17.5238930291383,17.7577484608623,17.755167831488,17.2409801488111
"neg_00326_C00262",25.1240714153484,25.1823037330198,25.0008675833889,25.1646577572107,25.0547676142304,25.1803629776333,25.2903821878203,25.325821902902
"neg_00327_C00587",15.5009692112918,15.4676816795476,15.1808447338229,15.4941489270623,15.6157135525494,15.8507845474857,15.8953307550152,15.9348216882848
"neg_00330_C00183||C01799",21.3313462812358,21.323975145365,20.5521705849261,21.2318639969005,21.9171101969476,21.7906396946041,22.2438309672596,20.1430762388643
"neg_00333_C00163",15.3148290167995,15.6198646565319,15.3261318188387,15.52211352551,15.3552921179005,16.0730429924734,15.6833479208024,15.542739714307
"neg_00337_C00785",16.1619802203204,16.170209987541,17.3736701689099,16.2175573098888,16.1963015298125,16.2714553016412,17.3486655315482,16.715011195992
"neg_00341_C03196",18.7295607722954,18.126029218148,20.3770486801267,18.0341702632963,20.4375427450564,18.33472782721,21.2068935888706,20.4825411837881
"neg_00369_C00366",13.8056605707266,14.2634318883779,13.4693982602761,14.152510563256,17.8487408871725,15.4186851696285,18.8543942160155,19.1934552716346
"neg_00375_C00148",20.5678222628439,20.5601941808151,20.446782908277,20.5245130786492,21.2107540567735,21.0797165805629,21.5497576404878,21.3435262799946
"neg_00385_C00065",20.9306844499067,20.9533103669291,20.7517494186514,20.7583328522725,21.7382403620579,21.5241991575245,22.0126931920526,22.1167865795706
"neg_00386_C00385",23.446145229006,23.4810832211509,23.1214453280794,23.5482781290075,25.6817218895614,24.1956615077498,26.0939405976371,26.0912370949658
"neg_00389_C15923|C08356|C00936|C00267|C01487",17.8943117085266,17.7479673761016,17.732720128806,17.8735929427766,17.1933473286124,17.4482470147574,17.6452319328161,17.3841909130441
"neg_00395_C08261",17.9242929834043,18.3121140204465,17.8815372917459,18.412909161782,14.7230508434697,16.8259372933171,16.1255210577412,16.7314888918417
"neg_00417_C00213|C00041|C00133",21.7071490062324,21.6264723721408,21.5845048720378,21.5864512385254,21.9082211637421,21.6494775961051,22.1786358809139,22.1794257730072
"neg_00424_C00188|C00263|C05519",19.9766589343348,19.9537703451563,19.8969445428591,19.8478795791459,20.4473885581172,20.2273470261567,20.7146134566373,20.5801980843526
"neg_00432_C00079",20.0331170830198,19.9545867339847,20.231869238081,19.9844117124686,20.9627690752871,20.9786206763703,21.5539584723614,21.4819481169368
"neg_00439_C03761",17.8180879560154,17.4246986319966,18.2246388801894,17.6901500124006,17.662442006858,17.5199158437987,18.4001037352354,17.9763725862644
"neg_00447_C03739|C01585",20.1396743862268,20.079669190181,20.1877044331005,19.9938594348902,19.7427954956106,20.4266881799486,19.1042019407775,19.1553175355059
"neg_00448_C03067|C00539|C00633",17.9213186136821,18.0521168607527,17.9304721097238,18.1747576741861,18.5257990830625,18.7342774554329,18.5937823825155,18.7416446522489
"neg_00453_C00671|C00233",17.7782986802601,17.3751319171292,18.4410452096467,17.4106741262128,17.5645296252005,17.1793313223849,18.1965008376117,18.0252145602252
"neg_00481_C00506",22.9456639587822,22.875988349199,23.1275553060101,22.8578001174676,22.3117986044677,23.2058728159549,19.7190940504071,20.0948995782048
"neg_00490_||C18218",15.8945305038249,15.800656646904,16.229124898665,15.809274766198,15.0448201878683,15.5345903628514,15.0980305983001,14.7953287277453
"neg_00494_||C06104",16.5562934311135,16.3450757204684,15.5484710623121,16.5080052111273,15.4408742726626,15.6934730106414,15.9864936111292,16.4063767335002
"neg_00495_C00327",19.7730462404906,19.6153831230701,19.5618645346625,19.6717235952339,19.5106053485317,19.0830956848662,20.0708109997628,19.3919251257094
"neg_00508_C00346",22.4003995891113,22.2868741667927,22.1863436919355,22.2711416211955,22.2088848376685,22.0977915438487,22.6193932742544,22.5553914600699
"neg_00511_C01157",15.8882136783431,15.7536668853159,16.6635415732074,15.8732971021784,16.9554214514454,16.9841021045278,16.9810473112599,17.1590889865665
"neg_00516_C08278",15.8336122238704,15.7716140990825,16.5744499785914,15.8228737484286,14.5193457351378,14.8989735896613,15.2711668694647,15.635859415608
"neg_00520_C05942",15.358789108993,15.3069382309926,14.7415086753418,15.2111094980138,15.3881631126273,15.5395088619933,15.1018976246833,15.0433235548158
"neg_00524_C00153",23.9570823793896,23.9123803692972,23.5613194869148,23.9033393366774,24.2800721778074,24.0163363226759,24.6178111976432,24.4515030107839
"neg_00527_C01620",21.926354755448,22.2251278869713,21.5729761274018,21.9051843793575,21.8310614247583,22.0259707021025,21.856355504703,21.4339994309077
"neg_00534_C00093|C02979",22.0207635718384,22.1099997376303,21.8353048810938,22.0540641349508,21.8573810494606,21.4572003994082,20.071755233887,19.1774446172004
"neg_00542_C00294",23.6775075932303,22.1789697029673,23.47144899746,22.5377473877002,23.4582502067908,21.1448572508503,23.6005375601723,23.9409207209767
"neg_00543_C00111",21.8882019856651,21.8238184982852,21.6574864380995,21.9726513457545,22.0718281155335,21.6141468341784,22.6675655511127,22.3011908186268
"neg_00546_C00147",19.1094654490101,20.1766044888831,19.1018760618934,19.1292313076459,20.0236393708049,20.437838889629,18.6634908106917,19.7052277346305
"neg_00550_C00020",19.3923364324202,19.127149717928,19.2697510754688,19.3721520536313,19.1775019093391,19.3661185433538,19.4824933993263,19.1081557388429
"neg_00554_C00300",20.611268604062,20.5055373054678,20.5136145237955,20.6095532369794,20.9110121173149,20.8354542514854,21.2771583946988,21.0346862724786
"neg_00559_C01595",20.3747409918544,20.7177400115745,20.1136436296154,20.5086821012047,20.8113404847702,21.3977194433134,20.4836283295423,20.6320581667532
"neg_00560_C00037",20.9973479165215,20.9615681137055,20.9249995182847,20.991291766367,20.9555728243937,20.973531418172,21.1969490775339,21.1086334564888
"neg_00561_C00122",21.0867363340256,20.9403024965317,21.1958250135326,20.985039591999,20.3876340155604,20.239563570122,20.8448491045334,20.3506087167548
"neg_00570_C03736|C00231",19.8868230776247,19.5943913078683,19.7827824856904,19.7169510671165,19.0378764628618,19.725585996471,19.1101121595137,18.4909677415741
"neg_00571_C00446|C00275||C00103",19.9597267573351,19.2353008818209,20.0702676065828,19.8347149729529,19.5191097978289,18.2015380090468,20.097709464747,20.0197923582223
"neg_00574_C00152",21.1762680470586,21.1534392813091,21.10339484312,21.1649301201877,21.5895020796505,21.478343298018,21.8254378617967,21.9659721387313
"neg_00576_C00106",18.9544416355121,19.1129525619092,18.799258974157,19.1579476410116,23.8897752848597,19.7994461643466,24.6163698861208,24.4575633948753
"neg_00577_C01019|C07326",20.1598350040959,20.0836853227727,19.9882906892623,20.0588089938289,19.8890472292664,20.2565469076793,19.5803985934552,19.746288240837
"neg_00586_C00130",20.2576007524301,19.97355862197,19.9016849582709,20.1963859169027,20.0845635942438,20.67223956307,19.9472411079977,19.7584289933323
"neg_00592_C01384",19.803672559091,19.7900630921139,19.6814491283113,19.7042787627632,17.7910428925421,19.0992158584925,17.5512581433017,16.5243630322619
"neg_00594_C01042",19.3832067742058,19.3747826429999,20.1181455128637,19.2375833561273,19.77604728714,18.3504312092273,20.0725869176191,20.3597903863842
"neg_00598_C08362",19.8863708078995,20.2231324296708,19.1618179922696,20.136204908366,20.3978357026786,20.7816104026913,20.4304874442198,20.4920075088996
"neg_00601_C00219",18.8986386329823,19.4163713548973,18.5746402604633,19.0096126874857,20.1839835284072,19.7824495002681,20.2675538047473,20.55819513819
"neg_00618_C00242",15.2134585038089,15.498029736272,14.8217451174488,15.1757859789918,16.5431026416699,16.7943324513285,16.9408995171528,16.2878338628021
"neg_00630_|C05984",20.050531142774,20.0448632948396,19.8646836067383,20.1115678941116,19.392857259304,18.264927501028,19.5520423241722,19.8256100653862
"neg_00647_C19910",19.9464086768563,19.8204664997481,19.8875684374236,19.56078623615,19.3214601533491,19.8770869323424,19.2861286676565,18.9921411010449
"neg_00656_C00864",19.1397199213039,19.0277003309573,18.9015943012602,19.135905281981,19.0186013719741,18.4251628571744,19.5101048397686,19.5065209616917
"neg_00684_C19806",18.3799699990636,18.0439849164044,18.5860687199677,18.1926954678087,16.6823292554781,16.4712293823329,17.0647996724731,16.6309539365824
"neg_00694_C00956",18.5799115484286,18.4376144393563,18.5162517362033,18.5355892904701,18.2221085981143,17.5528686629221,18.8649256267969,18.2570060043017
"neg_00707_C00105",16.005542648792,16.1000118881115,15.7385036247912,16.116582382224,18.829565521898,16.8419316588014,19.5742023246906,18.9161947732083
"neg_00714_C00116",18.1834517579787,18.0551814075096,18.1989835084257,18.1589366118443,18.3434212455645,18.1154436911837,18.643493865246,18.2205268644355
"neg_00718_C00258",17.2799452315999,15.9278292472765,17.2364290098869,15.4305660344018,17.1535322710165,16.6553998151595,17.4792915101047,17.1235822200185
"neg_00731_C00606",16.5064246956928,16.4012745804759,17.0205337631122,16.1566894751102,17.5513132137169,17.4940349391277,17.9899253267341,19.1985615078683
"neg_00733_C00624",17.5997690961657,17.7353820133878,17.5875432287445,17.7850122987927,16.9157717734618,17.3105911005622,17.4584685911874,16.4079709657804
"neg_00749_C00144",15.0347956345256,14.9982154998298,14.9942236647941,15.257073132654,17.6914965074701,15.8097859316655,18.1119061567767,17.920475328591
"neg_00750_C00379|C00474|C00532",18.0176264522605,17.9586772123602,17.85153705078,17.8993388317181,17.7993151191734,17.7378544827592,18.1408815292475,17.5433310438127
"neg_00756_C01586",15.9170163863515,15.7621769763046,15.2006889315394,16.0451812480055,16.0512021377424,16.2296113953294,16.982300780573,15.7404095301629
"neg_00759_C00588",17.7767426270228,17.7556335913689,17.5571314278208,17.5487380014501,18.3851884228598,18.4208962987202,18.662311223691,18.6563421575045
"neg_00762_C00715",17.5912036839343,17.2150580567625,17.6138856386756,17.6493053984879,16.8385883055774,17.2520440041003,17.040220986178,17.2122234346249
"neg_00790_C00055",15.7607570542608,15.5808217519107,15.741954528063,15.5222136556267,17.335911329978,15.9843400983708,15.4029164109184,17.671954124097
"neg_00797_C01216",17.3698104172186,18.20596012954,16.1096852563197,16.7580115566822,15.7698377805378,14.3741057275914,15.4945499231306,15.031367000269
"neg_00801_C06426",16.617916982324,17.1023724537914,16.1706824310391,16.9042340736782,17.6031994486039,18.2314669465432,17.4218487791858,17.2585273621029
"neg_00807_C06429",17.5385876352396,18.0598920834947,17.061711313247,17.6851088411469,18.9343304804273,18.4407977317389,18.8109397177793,19.3026435507247
"neg_00813_C01262",16.0059244181514,15.8457358100822,15.492227787118,15.7628798334546,15.4041612583432,16.2042263890603,15.1466902492921,15.0121322316877
"neg_00848_C00879",16.0723481459117,16.1126390839203,16.031300593011,15.747600685324,16.7997641350181,16.5314860178335,17.3428875433741,17.2210713826206
"neg_00857_C00475",15.2312481716068,15.1846394176978,14.7915146118745,15.3240138586645,17.0667054557774,15.2384709701237,18.0281110124526,17.121119430184
"neg_00866_C00386",16.7157548572615,16.891375289326,16.3891174998125,16.8986284478693,14.8511851208157,15.1438103844205,14.9502291732946,14.9079967489233
"neg_00872_C00318",17.3728330189295,17.2275487839849,17.1151778936701,17.1897500536629,16.8944745554546,17.0317084909619,17.0129844401545,16.6578587850841
"neg_00890_C01685",15.918128475495,16.283322912532,15.7052186922737,15.9690827972925,16.3540101068444,16.5383461198721,17.0679649244448,17.0761388058741
"neg_00908_C01004",15.9736208803214,16.2087452926859,15.8383674246294,15.9072546281235,15.6638423639968,15.608206615399,16.4542108566816,15.1039886488471
"neg_00921_C00805",14.8452292682903,14.5346131688126,14.4931420563253,14.6575714942247,15.3830417804579,15.065513558206,16.0041482743574,15.920113501174
"neg_00930_C00257",16.7631670071256,16.9256302868827,17.0822026605775,16.0352670656415,16.8175226874407,15.1295157053443,16.4054139124497,14.8315975514284
"neg_00942_C00191",15.9618569312728,15.7627969178908,14.7127168569534,16.0731705241051,16.2970298297714,16.1510058612487,15.3103881678979,16.0986160182947
"neg_00987_C01046",15.7039737413039,15.6066018843114,15.7475621014792,15.5846456914488,17.8727325504537,15.6159744484962,18.7980605395055,18.9856929995514
"neg_01018_C02180",13.5586182754822,13.9676843949576,13.6744557147394,13.8095957477303,14.1007099913526,13.6849243801333,18.3255163992966,16.9186268608691
"neg_01020_C03242",15.8795860045747,16.1509174122156,15.3787523311151,15.9349659701669,16.4737167083021,16.896283849722,16.2925506752623,16.1679198568696
"neg_01243_C19501",20.5810194415376,20.9604064754038,19.9533167531924,20.500701432126,20.4109342526484,21.3037811570041,20.9244915135713,20.7294547045313
"neg_01267_C00082",16.4210427996112,16.5081562520675,16.2427158887282,16.4605406059802,20.6043651604873,17.5214573002304,21.3160723512407,21.2277554341986
"neg_01277_C00299|",16.0696866108415,16.3831515738191,15.9912661360284,16.2135499385508,19.5468667604415,16.5601193229139,20.3045942669536,20.280024416271
"neg_01306_C00051",12.7948181856931,13.6133017188695,12.818459162034,13.9973554429726,19.6939456100208,14.4725234354363,19.2306933062587,21.869201112421
"neg_01362_C00847",15.8800999824962,15.5133418847522,15.395470817368,15.7004120633387,14.6952628757409,14.8546009801075,15.0273269118075,14.6223157457634
"neg_01367_C16513",15.0505439279617,15.5254299037502,14.5246313581649,15.0782692223819,16.108296998189,16.1529661988644,16.0420761002236,16.2738842290121
"neg_01416_|C00803",18.035358656197,18.085162566343,18.2594890139319,18.093186384832,17.83578838458,18.4947316304192,17.9106363094636,17.9412008034405
"neg_01420_C02710",15.2750399098495,15.7064689376547,15.0807777953155,16.0002455443383,15.7490159833694,15.8510172564118,16.3787655457493,15.4586178101608
"neg_01439_C00212",14.8903566291564,14.5532575965689,14.6484581590592,14.8888302383855,14.3046785663601,13.3230958638481,14.2531227961683,14.5826797320893
"neg_01464_C00387",14.9099308763045,15.001713550031,15.0217320363113,15.0871466339968,17.3416420233843,14.1758956285628,17.7972815389409,18.0953246163658
"neg_01498_C00263",15.1708410693416,15.2167745718749,14.8660906104714,14.8598389646115,15.5348744115944,15.5691969111117,15.7784539827384,15.6986283128783
"neg_01640_C03045|",14.1062995899703,13.7363882371908,14.2699383927912,13.7633242882266,13.5297409973891,13.5433073176841,12.9136017834834,13.092927211863
"neg_01650_C16527",15.4663356705011,15.4973785404003,15.0313184038573,15.2998334671902,16.201120808486,16.2977560441573,16.1688431732529,16.3659833983913
"neg_01696_C00022",19.1983716830275,16.8063657469314,16.5512366708988,16.6273974667663,20.052415427186,18.9781390360993,20.5461336452926,20.6902008711243
"neg_01726_C02305",12.9294628765718,12.6768262756067,13.6669132409958,13.281680840861,13.3079411494737,12.6647456617661,13.7018312895642,13.2296720788246
"neg_01757_C00026",16.0813929406886,15.612813095087,15.7307698120367,15.4184785140757,16.9170593646511,16.3264067934584,17.2507925211736,17.2407894568443
"neg_01771_C01062",14.855197700255,15.3952165609515,14.1814914187491,14.8502727760578,13.2906306274945,14.1051187335998,13.2903357556189,12.8341316598795
"neg_01794_C02656",15.1092283285188,14.8194770102254,15.5751980117864,14.9236907128837,14.317591675622,14.1017817425662,14.678610849078,15.0741274477072
"neg_01932_C07086",22.5716211895228,22.2075419531707,22.9891370718542,22.1064603489624,21.6876118899341,21.7963071628792,22.0031142066145,22.1343520416578
"neg_01940_C00418",18.1276622438821,18.0024379058976,18.6352815884718,17.8957283260451,20.7088448665483,18.3266430249883,21.5473564397672,20.490786037314
"neg_01974_C04067",15.7029384811692,15.0345216497335,13.7234409095432,15.1558279574255,14.3158005268486,14.9872308266336,14.4004789627159,14.8532273588934
"neg_02055_C07588",14.9579493330165,15.0674226829764,14.670009490835,14.8067845497655,15.3808524487282,14.8152086020218,14.6846772889219,15.001219181484
"neg_02088_C00149",22.1594523150319,22.1715610502781,22.108066274502,22.1308245036984,21.9359696150183,21.7694075246832,22.1420855692473,21.7583618253517
"neg_02096_C05629",20.8445132332679,20.7148070870006,20.6589448494625,20.9535097485794,20.2871497019936,20.3636449392323,16.497545867513,21.7389689482612
"neg_02097_C05629",20.5782174778052,20.4945144187806,20.0116203587466,20.7967283845065,20.0673985761135,20.657516314815,15.7507865265323,21.2069453160888
"neg_02109_C00295",14.91866950094,14.9388977120353,14.2737718394742,15.1067550198799,18.5692163221115,16.1034350608219,19.563788272047,19.2165992810578
"neg_02113_C01762",16.7350512528881,17.0111889386338,16.5758822509921,17.374053004291,18.6739274910677,18.4407977317389,19.4506674160996,19.6506596570179
"neg_02132_C00525",11.4695088757558,12.0942228010039,13.4611012730526,11.4099597257112,17.4113472043339,13.2265912184894,18.3339491004882,18.5898635018043
"neg_02139_C04083",16.9385851074825,17.2609199946798,16.7737628049135,16.9036082773078,17.3841639117389,16.8679670524066,17.950025748587,17.8134052733769
"neg_02145_C00074",14.6129617910806,14.2501909650325,14.4349397335789,14.1247549566924,17.5797392785062,17.0636486714703,18.3126235077108,18.6197124013284
"neg_02147_C00109",17.4583398227294,17.3659753254693,17.9494942569615,17.4949133438165,17.16246933094,17.4787025249002,17.5227681577238,17.3857686420389
"neg_02170_C03406",16.8312620171308,16.8117486079864,16.9705440612134,16.6112323610404,17.0801942704454,17.0216239001036,17.6473500439824,16.9199443968424
"neg_02176_C01005",16.903982988834,16.2615031766249,16.3939252555482,16.8005137200831,16.9810236854724,16.6053460429219,17.1932203834934,17.1364130886078
"neg_02177_C00491",11.8574735858526,11.9956691908503,12.0916406313056,11.7820702236338,16.7302712207148,12.9935039031315,15.6152049757721,14.9087048504174
"neg_02206_C02067",14.7118866514002,14.6319665190792,14.5399943050586,14.6661059209589,16.285208445301,14.3791756007957,16.5978842744388,17.855388188035
"neg_02215_C00015",14.7796495060119,14.6010789654944,14.6650979173481,14.4448161295294,16.3586186077231,14.7045433736751,16.8052775844745,16.4786027740186
"neg_02344_C00345",16.0003517254032,15.1540226600027,15.064263398181,15.4059918559663,14.5114642433702,15.5337586270985,14.6630008167527,14.5319768210842
"neg_02358_C05122",14.8257146714248,14.014501617444,15.2055472554335,14.3830162464974,11.9634681335458,13.082683919061,16.5978842744388,14.5047241205895
"neg_02373_C16526",14.1160866241064,13.9677332276907,13.8140287842659,13.898209422371,14.0126636301528,14.886104726762,13.8475458592238,13.6345473199185
"neg_02520_C00581",16.0249542648616,15.868838061031,15.7679852443488,15.8817370012858,16.2418880584895,15.9631156176274,16.6737237549901,16.5053426637566
"neg_02587_C02353|C00575",12.9188471765775,13.1506905898096,12.8771322924062,13.2711035395987,13.5091885634896,13.6954353251506,12.9953227550955,12.9605747964178
"neg_02620_|C00141",16.1413392340185,15.5945347790918,16.3679998832845,15.6232481641125,15.989043428158,15.531908677027,16.7852532565566,16.2023342025083
"neg_02651_C01083|C00243|C00089|C00208|C06422|",15.3720134595326,15.3905498256675,15.1743586839767,15.2007710163883,14.8450403207759,14.8129139028165,14.7691266748716,14.6167509617638
"neg_02683_C14829",15.0929921987176,14.8942073232325,15.6185427610145,14.702401947044,13.8685048469908,15.0320920934235,13.1426403373229,13.0794934979366
"neg_02693_C01234",14.8302186013928,14.8084182832478,14.6205043674908,14.9829334016495,14.3545638480603,14.8213620945716,14.11676233183,14.4601283046583
"neg_02727_C01181",14.6574409789364,14.6876628787394,14.554342436291,14.4143109077294,13.8260166790887,13.6989906244531,13.8716879348683,13.6453318674261
"neg_02893_C00519",12.1693246109892,11.9052231989565,12.4318304944204,12.4348420046385,15.5945142911103,13.6571967092565,16.7654925591244,15.9924383586579
"neg_02897_C06428",13.6991011165303,14.5766095061299,13.427139238782,14.133207821897,15.3395957899691,14.9103559689015,15.6105943962432,15.704945363817
"neg_02928_C05472",12.9718344820241,12.4046897271763,11.8616044833569,12.0566706146212,15.07546810562,12.5781717262055,15.7805580527866,15.6113117330305
"neg_02981_C00328",11.5880480312744,12.9536603756642,12.0916406313056,11.9996565820709,15.0218130756041,12.0028050052887,15.5340560610557,14.6405968170143
"neg_02986_C01494",14.8518617129117,14.4439220481836,14.4669877957921,14.853776959696,14.6823760570035,14.9571350293385,14.6178844952338,14.6327456791387
"neg_03192_C16358|C16357|C16353",16.0307486543812,15.1212380338849,16.7415060934588,15.8817541282669,12.8633246606965,13.6121604391881,12.8799934405274,13.8021251460376
"neg_03256_C08317|",14.6209629366506,14.3195959773384,14.5544071212203,14.4285429538983,13.3698527056416,13.719583704546,13.7250526708507,13.81207096281
"neg_03357_C00539",22.159850171527,22.013399878526,22.4421711817267,21.8969083343718,22.6789925868957,22.2380396001232,22.8318898196807,22.8806742320085
"neg_03444_C00253",16.6206176926594,16.9131804386523,15.9539139538056,16.8671331362599,16.5667874761385,17.31226662697,16.2800680587406,15.795899579406
"neg_03517_C00048",18.4586263441405,18.3420995452197,18.0840087985323,18.390882829118,18.3524613070113,18.7483462455728,19.1979770323184,19.1436147754555
"neg_03687_C00476|C01508",14.4614800587676,14.4873411617406,14.1994014532642,14.578962107199,14.2578569198294,13.9381985918695,14.4216730231969,14.021791372613
"neg_03701_C02632|C00246",17.6389769304775,17.9565667797838,17.4408203835612,17.748045318548,18.776366279904,18.5855013823514,18.9909461237238,19.1179264255122
"neg_03776_C00181|C02479",11.700746569349,13.6133017188695,11.9218297252162,11.2757004674085,11.9242703151278,11.8096485122263,15.5165009466126,14.6405968170143
"neg_03796_C00645|C00140|C05021",13.8739990028663,13.4205663451386,13.610253041672,13.2163732436266,13.1353180039643,13.3074023326769,13.3794525299329,12.7923787356843
"neg_03870_C05842",13.7343704259004,13.8332074365172,13.6495897503902,13.8533816724868,17.1551616655256,14.3195484916168,17.915655164407,17.6251346007194
"neg_03925_C06470",12.7749959767452,12.8883735038306,12.6960973045547,12.8859340925389,12.0116321118731,13.082683919061,13.1664575552094,13.3892110172446
"neg_03954_C02835",14.5503742106578,13.9037378899767,14.0545348626256,13.9571181897814,14.3123832943468,14.3967905201869,14.3000711818442,14.3147641944404
"neg_03986_C01047",17.9766793693606,27.4564572806319,27.5727893084083,27.5574572287376,27.7436837027204,27.7948097195806,27.6779249907788,27.8949778372664
"neg_04012_C00408",14.0850042529686,13.6826465709869,14.1325285671998,14.3356155532942,14.697094649064,13.9915630978502,14.4036639476061,14.8337599115926
"neg_04426_C00166",12.26832935805,12.2773624847848,12.7120549586422,12.4253991234203,13.0414431132376,12.1605001790593,12.6323513841237,13.1112103151253
"neg_04443_C00008",13.7519165512095,12.9040855037293,13.2627282292272,13.2279202195819,13.9217082844385,13.4869416450968,13.7698140183756,13.4024312350206
"neg_04541_C11512",13.8822940884306,13.9725056772096,14.2727448390328,14.1442111601397,13.7945197170613,14.3036846702355,13.5631785672657,13.6077990706998
"neg_04573_C00314",12.9148783931012,13.0998533282529,12.5256013817551,12.9136321111135,13.6596843190838,12.9482516966694,13.5747879508265,13.6378634234597
"neg_04626_C00041",21.2408174701651,21.136538466115,21.130112423395,21.1234636755158,21.6025130091569,21.4075205051984,21.7763846943811,21.6542238222701
"neg_04627_C00123",22.7861289013679,22.7949409223804,22.452371362787,22.648006620317,23.4473870492705,23.3313624249253,23.6325941454513,22.3302042618674
"pos_00009_C00183||C01799",28.5978302348135,28.7131225613659,28.5727301808035,28.6867088213234,28.140631377122,28.3786396656032,27.899284991894,28.1568682085415
"pos_00011_C00791",24.3813049582993,24.4315027460859,24.3742278189668,24.2790292327458,23.888843824339,24.8643685588862,22.8129390257589,22.8247889503909
"pos_00015_C00300",27.4980510514196,27.4564572806319,27.5727893084083,27.5574572287376,27.7436837027204,27.7948097195806,27.6779249907788,27.8949778372664
"pos_00020_C00148",25.7894774506327,25.7973048183127,25.8877086987127,25.7286916700997,26.3296969802313,26.1425245686257,26.0413346643054,26.1920787610604
"pos_00029_C14829",17.9157250033795,18.0207775918343,17.795977288425,18.2735993899381,17.452868559662,18.004459239056,16.9559124012996,17.0545723871453
"pos_00032_C00318",28.8143187884162,28.8580667875859,28.8247290166004,28.8446556138563,28.4059362858003,28.7973324535301,28.2960506516382,28.2302468846984
"pos_00054_C00064",26.042786795069,26.0108470110736,26.1359452255324,26.0765660073992,25.955933455419,25.9635934068484,25.5830371256897,26.0027181676173
"pos_00059_C00785",18.301277178751,17.610039875938,18.0220182322063,18.1295143915933,17.5314666917915,15.7676887720054,16.5233773248291,17.3835520935852
"pos_00083_C00262",27.6657994106039,27.7720664849355,27.6929937151231,27.7707935606304,27.6057548884589,27.6660061108486,27.5758842424998,27.7543333551426
"pos_00084_C00407|C00123|C01933",23.5067919839301,23.544896713959,23.4669607436627,23.4449892189236,23.7295059223982,23.7653662734748,23.5818830757508,23.7355002405203
"pos_00146_C00079",25.0549936105806,25.2211964226793,25.3752342541406,25.1707465477243,25.7513558355817,24.4076802104339,25.981486815383,25.998248296378
"pos_00147_C00025|C00979",25.8873621987423,25.9641228483715,25.939326039303,25.9954124537,25.8043603414537,25.6123674735077,25.8803571094286,25.9583884681315
"pos_00152_C01412",15.6377326073846,13.7586981351399,16.9725069643346,15.6287803536078,13.9963981687956,14.649525579088,14.2288939230089,14.8803096609322
"pos_00177_C00213|C00041|C00133",24.572957430979,24.4915371876775,24.5237068054811,24.4448941870918,24.6053742866041,24.4607186116109,24.4624205256608,24.5963089925749
"pos_00183_C03739",14.9978470206121,14.9998563236849,16.1320022418442,15.3217792246024,13.8175857303333,14.3171019581002,14.0256349653413,14.248868497718
"pos_00212_C00245",25.9076837842195,25.8718944128393,25.9967940423712,25.9228490934289,26.1307532186275,26.1502421155893,25.9872259275654,26.0845340227977
"pos_00260_C01879",20.1901950157292,20.5725442828223,19.2633091985111,20.3979035492319,20.3561514709822,20.8681228515687,20.1238928473805,20.0575161708639
"pos_00291_C00082",19.1208055709562,19.496044376546,19.0373480678709,19.3438970743802,23.2633288850637,20.1347515003514,23.4563521278315,23.5757670541041
"pos_00293_C00327",22.8928424446446,22.7359224490262,23.0259735603204,22.7920355575288,22.5920552298083,22.1865655037036,22.6842439195588,22.3493811085654
"pos_00328_C01157",21.9328524190344,21.8353861100258,22.026324247169,22.0224341288834,21.7775803761859,21.9157778706294,21.2064721456401,21.5954776145278
"pos_00346_C00864",20.4342392684903,20.7361838073244,20.388406253245,21.116705008848,20.0507004633366,19.996202380629,20.7656604142638,20.9190386463632
"pos_00355_C02240",15.7639644474075,14.0448988305397,16.4390649410181,14.2175646444637,14.9408151446715,15.2596564505239,14.7303371152458,14.8707454823743
"pos_00361_C17714",13.9391680361402,13.4654924677281,13.6462141875044,13.923721465266,13.4992868177025,13.7854148395266,13.5628117964801,13.7293803535958
"pos_00384_C00037",22.5868403757059,22.6075040389164,22.7286652061155,22.6346409959853,22.4512236669811,22.520708379886,22.119974481933,22.2030632744048
"pos_00397_C03690|",15.5834066710278,15.4879701543805,16.1324659120975,15.5253161429817,14.6783610150339,14.8881356762499,14.453022323197,14.8706203412896
"pos_00424_C04083",16.6851939647444,16.3929027699779,16.8756725895808,16.4403937962278,15.7289303483984,15.8171605843044,16.0929466584475,15.9847945558818
"pos_00483_C00588",24.2306750502592,23.8756799608132,24.221812646535,23.5914734902222,24.7919787380762,24.3632623894364,24.6023164785841,24.7122551760231
"pos_00494_C11512",15.3092099814734,15.0264220792855,15.6657198974008,15.139097853556,14.905784374186,15.1703614428071,14.967642230929,15.5314460236739
"pos_00510_C00065",22.2560702435401,22.476364678539,22.3344617619744,22.3584848485636,22.6711686434478,22.7168582089444,22.6687315445035,22.9037042667487
"pos_00540_C00188|C05519",23.4841008783706,23.3796803150474,23.5532463399847,23.3808024068354,23.3952188517204,23.3550851416036,23.2742083999131,23.2934750886694
"pos_00866_C00418",15.6072896254835,14.8326991986821,16.4998563721286,14.9289468378982,13.4741848277562,13.8713722954905,13.6809072480816,13.9412534285522
"pos_00870_C00049",19.637600785051,22.7627023073833,22.812139751181,22.8737724786213,18.9314729406984,22.6093351025424,22.4151882555912,22.1672052861111
"pos_00885_C00147",23.8063389017073,23.7979581865892,23.8266116935235,23.6845821855912,23.2448816727495,23.9057049110439,22.7298118096864,22.68483571309
"pos_00886_C00020",22.2873165800116,21.8249394930937,22.6661900208657,22.0767048675373,21.8826401334393,22.0101836150273,21.6962646704689,21.5743929293357
"pos_00887_C00294",25.8279672375475,25.1872777332028,25.5657498835328,25.6954205562832,25.1848957080472,23.259235278208,25.3912005751904,25.6839633354986
"pos_00890_C00212",21.7898849800685,21.6053132495314,21.7760008746462,21.8106058383312,20.8460548399831,20.2478649985829,20.6344173651745,20.9980964321239
"pos_00894_C00242",16.6507527856648,16.9008852724087,16.889255430965,16.8226762369996,19.289197453039,20.38835372726,19.3324110405902,19.5311820007323
"pos_00900_C01046",22.619548040773,22.5959366076332,22.9583704373884,22.5590112845761,24.4557133179175,22.5250615487972,24.8474575901078,25.1668414565132
"pos_00904_C01181",23.8998657255332,23.8229899928533,23.8664305295717,23.9012809008444,22.692151787177,22.5899763123079,22.6252390966097,22.5036854989351
"pos_00915_C00140|C05021",22.2874483728099,22.3608897008489,21.7392291985946,22.3913842016317,20.6169670099212,21.8622326059069,20.1262031212509,19.7527647897695
"pos_00917_C00385",20.9198728213115,21.196713801702,20.5983054691599,20.8701612561843,23.6671586645758,21.729133514182,23.8174801748682,23.9547569415959
"pos_00920_C01234",21.2456971362294,21.2764838392034,21.2980738674614,21.3635919503082,21.1462554497761,20.9444798449343,21.2638344956217,21.3554153894524
"pos_00923_C01004",22.039357013789,22.1127110178066,21.9425787887938,21.9720487135506,21.5754675096907,21.2869175442373,21.9239245451033,20.7983474120743
"pos_00925_C00581",22.1109503974997,22.0137111229812,22.2330153054413,21.9995932625172,22.8458743420478,22.5124375281976,22.489182649318,22.8358297879187
"pos_00931_C02862|",19.9468917863734,20.4033874372656,19.9203667851487,19.7238479927742,21.7843823017327,21.8773584826527,21.7013372984674,22.0220161144091
"pos_00942_C00346",21.8154337405037,21.237907150092,21.8083711775265,21.2487033414,21.5117529556813,20.9840616931899,21.3456115822991,21.5363641405148
"pos_00943_C00475",19.3598711301926,19.4125508096511,19.1557175470868,19.5063867823829,20.5300941748378,19.3402207430905,20.7945338143779,20.4478209118932
"pos_00950_C00157",19.783226672565,20.3726790383661,19.8344594943975,20.5058831264224,19.9772450824629,19.7505376638117,20.2255234568039,20.733234772603
"pos_00951_C00408",19.9221459516954,19.835216412005,19.8910737050426,20.0025064908405,20.2281280285443,19.8725831429652,19.6185668114951,20.5092598565728
"pos_00954_C02721",18.708452298061,18.4444207543195,18.6209928982485,18.6014781356357,20.9596036878771,20.9748636955679,20.8138192049562,20.6405633512053
"pos_00956_C00506",21.2365663610895,21.1227175352143,21.5444199007584,21.2753829375551,20.1366356931474,21.3022522939606,16.4088966383604,16.9306230180116
"pos_00966_C01104",19.0785935270857,19.0188645538888,18.9699013088327,19.0681016787058,18.2188389564618,18.0248872436264,15.7212979320062,18.0282164958549
"pos_00968_C03017",22.0290451387129,22.2031886432089,22.0953714027883,21.8828317284613,21.1568199254188,21.405429683466,21.1647111742608,21.0142671493288
"pos_00972_C00130",21.6232720503329,21.2520674367146,21.4949960053553,21.5860221228721,21.0993296926077,21.8031768554022,20.8804892569534,20.7614534461771
"pos_00977_C10172",21.7680106807685,21.7993768696918,21.8638473252006,21.7509252109449,20.5248461511606,20.7301986281511,20.4576455088085,20.4502749206445
"pos_00991_C00956",20.1294549493736,20.0685925924216,20.2063251944772,20.2764894794104,19.5613847237567,18.936501683835,19.8358750478818,19.4337382286995
"pos_01017_C00144",17.194663456669,16.8897489872856,17.0583725125451,17.2135540740377,19.6493442673164,17.7661825254791,19.9559549499134,19.755277251753
"pos_01031_C00093|C02979",19.0780403203422,18.5711596201541,18.8435176992317,18.7686317126488,17.0611974231015,17.3306331854546,17.3821741591854,16.2852387950876
"pos_01047_C00105",16.9263439075046,17.0111889386338,16.9136435073443,17.1090253849935,19.386557123012,17.7710163545216,19.7664302991041,19.3141890129266
"pos_01057_C02990",19.4045751512302,19.9568585508294,19.6332124811968,19.2372610418402,18.5902559241217,18.8250877644571,18.1093574031728,19.1401547698507
"pos_01059_C00387",17.9156743255802,18.0437503172487,17.9068041155507,17.9720405391616,20.2998770663703,17.2246214515613,20.2351115487997,20.5197010203008
"pos_01075_C00055",17.0499839345257,16.4319431428652,17.3367953924154,16.8139657723494,15.0871803269441,16.9117880164797,16.1011860374733,18.4729104907043
"pos_01084_C00380",15.7217216282574,15.4058575102441,16.5420290590472,15.8581023205562,18.5462219752589,15.9873865991173,19.2252769260298,17.4713602258461
"pos_01087_C19910",20.4149829997609,20.373044438765,20.4423020216042,20.4013573497325,19.7822619226449,20.4985452003859,19.244386213148,18.9556353652397
"pos_01089_C01262",18.1192982092895,17.7342112130747,18.172031227192,17.9332744032861,16.8169829711851,17.6973054434,15.1802142256948,15.8724408123134
"pos_01118_C05122",17.9766793693606,17.9584753872852,18.4467881930377,18.2014821523702,12.0116321118731,13.082683919061,16.5233773248291,16.6809548204061
"pos_01127_C16512",19.2233472473894,19.3775841607341,19.1774948588674,19.5317774638685,18.2737640870351,18.9772185936693,17.6570764406525,18.6097682811633
"pos_01129_C05378",18.3216696991636,17.4075881253017,18.1381153105655,17.3647363086101,17.6741460215399,17.4912840881076,17.3092423800238,16.8221055450248
"pos_01153_C03736",17.4527560670187,17.1459293426005,17.7397728131487,17.2868343373797,14.6803124064122,15.1788021155489,14.5768608165806,16.6809548204061
"pos_01170_C01035",17.5193137216684,17.4154198933204,17.9664064509967,17.4210680510649,17.2359616818202,17.2531069784763,17.5688289229806,16.0601639232358
"pos_01174_C00715",17.5995504333258,17.5790545109199,18.0079357941163,17.8908185159366,17.4540732064408,17.2952220008746,17.5425928552173,17.4999403061676
"pos_01209_C01586",15.2600894470088,15.5789721656238,14.9372042657908,15.4514825317623,15.1854983497534,15.2823729922898,15.5284714735453,15.5395303946514
"pos_01253_C00599",18.8294171425042,18.69595420804,19.2941658241578,19.113531049768,15.882824024891,17.4405979889207,13.9405647439576,13.8320852006006
"pos_01259_C00519",14.9034363227676,14.4530665032906,15.1994862129146,14.3744600292912,17.9189046436981,16.1357855892716,18.7959052767131,17.7567884336392
"pos_01315_C00386",18.8718374832691,19.0557648397445,18.8921220305857,19.2509568390083,15.8949372874769,16.2860376685073,15.6676698577567,15.7425941491553
"pos_01331_C00006",17.2919859419945,16.9616654483373,17.0022048851315,17.0615186502761,16.2254474758324,17.29777851691,15.9997921594051,15.5608442922679
"pos_01333_C03406",20.7940848327012,20.9460907560187,20.8615446125214,20.8290314540166,21.0041772359395,20.7810227798949,21.1911575545128,20.8911047846337
"pos_01357_C02642",17.4071439802388,17.4937846219985,17.920217459404,17.6813065586914,16.9725844709853,15.9094811671935,17.9543639953503,16.7503364100048
"pos_01359_C02835",14.9653588029656,15.472713035276,15.2042113467383,15.1345691621963,14.9397765755354,14.9721945342672,15.1625034735904,15.0609356058801
"pos_01367_C00446|C00275||C00103",20.19096591387,19.9854663513939,20.1706152992848,19.8099711580746,18.5329720126458,18.4119673862567,18.0531070611088,18.4243404596303
"pos_01389_C05122",16.2352464525967,16.0648535427625,16.7812617230822,16.4568493074067,14.411134609714,15.3791137938272,15.3520828429692,15.4456309342362
"pos_01442_C00881",13.8873297599073,14.1927774631413,14.1805576344143,14.1894706589535,15.626219356533,13.8140461200164,16.2432683063735,15.1969704121534
"pos_01462_C12989",16.9677362061155,16.8230845173391,16.7921425700847,16.7842498782676,16.4927052388616,16.9663755051915,16.1242461400921,15.9679460939349
"pos_01505_C02710",14.5582520443149,14.6840493277871,13.2112378521305,13.6023916579145,14.6638320387128,14.7948403121525,14.8789338032,14.9115042820268
"pos_01537_C00008",16.8171785232046,16.1343503716966,17.0464749161242,16.0068221472733,16.3637326859657,16.0094294317252,16.0601383254628,16.3869350416933
"pos_01540_C00606",15.6848190258617,15.5108058074485,15.6310596366063,15.4174921008065,15.6547888500815,16.119082652013,15.3343821336789,16.1277713115004
"pos_01634_C00624",16.0411732377288,16.1444729393179,16.1890341201484,16.2477724746709,15.3020636900647,15.3791137938272,15.6479264898157,14.8871912955359
"pos_01637_C03519|",14.9097925213144,15.3621053157885,14.4433081923071,15.4219935851754,14.7851702147847,14.9122847951093,15.1599105654066,15.1166274861786
"pos_01641_C15587",11.050797609233,11.5002810202281,11.7899668199643,11.4488484994526,12.6632911683391,12.0812318698944,12.712662968571,12.6995095809655
"pos_01652_C00314",14.6610720174893,15.0968748527265,14.4957303318295,15.0808103250644,14.8497773555566,14.9496478578685,14.9817055543463,15.2902655157467
"pos_01699_C07588",15.5165305625107,15.3273450357098,15.6198474863904,14.9913565952602,14.8586245498518,16.5137935587348,15.3512125642073,15.6809870620989
"pos_01703_C00236",16.2619408012326,15.4879364854215,15.8636913114466,14.9980205805751,16.0627306891187,15.8077937000661,15.2055451093796,14.9093132728505
"pos_01732_C00361",17.3593762152583,16.7111152752393,17.1619167449787,16.7193945096428,15.3957839289057,14.6099797579659,15.1354451478528,14.8458919000833
"pos_01871_C00777",16.2169988515652,16.209406191574,16.0930941380054,16.2714319423733,16.0953661141648,16.8794323303018,15.9548486676829,15.6913736283159
"pos_01872_C00550",13.259309189252,13.4532249230731,12.293609212327,13.1912478477545,13.0787614402933,13.1273059005611,13.457404048055,13.3892110172446
"pos_01890_C00328",13.3714279129316,13.8849538160169,13.9070698033693,13.6831331545594,18.1282901226669,13.8229944200008,17.9006617899343,17.1850870503824
"pos_02039_C00334",20.7082238059865,20.8570254861979,20.6313548682071,20.6053043000646,20.4456622229572,20.775572002939,19.9736279668349,19.4508705075132
"pos_02064_C00429",17.0663466631857,17.3287066992305,16.3714710899866,17.6084546328386,15.9592770623267,17.4965102398256,15.1607864469579,15.210195102499
"pos_02069_C02305",14.7916350022118,14.3845575566928,15.0491016683926,15.0109244585756,14.2120758999916,13.583292319,14.3425630720746,14.5047241205895
"pos_02170_C10833",16.7742632909893,16.703418622665,16.3482996072518,16.5937886038254,15.6146479214909,16.3761071530439,15.935722143473,15.9119813871678
"pos_02189_C01042",16.4914600636791,16.4682449970525,17.2239128489164,16.5576325690987,15.8482385776902,14.9716487527192,15.3353583076485,15.5566780667643
"pos_02294_C03570",14.287332666709,14.8560848734599,14.6852333600803,15.0550894300842,14.7301952872349,14.2035928507523,14.3147081135325,13.9973884033573
"pos_02381_C00525",13.6409585470104,14.2182340215108,13.3091705067822,14.0867962354782,20.0884786991658,15.0285310024228,20.4143736789085,20.7207071791029
"pos_02438_C00755|C03663|C12064",14.2163749867925,14.3482547800063,14.2432730084998,14.0128442548265,13.5584005861292,14.0506781158023,13.7252061094802,14.161546976273
"pos_02472_C00530",14.3617991326014,14.0926083946626,14.5184962849131,14.3463571039356,13.9125434793139,14.0417448058062,13.6785974243562,14.0752622299181
"pos_02512_C00557",13.7078771670882,13.4798687965779,13.7408055421073,13.9729169409271,13.4434330345533,13.4233332597226,13.3173321912581,13.8045988052928
"pos_02533_C11439",15.7739665768338,15.8104101593977,15.8897964264539,15.5735131108982,15.2590644669982,15.6054409044222,11.8603738810208,11.4712337279935
"pos_02558_C01762",17.2925561968613,17.5094701000873,16.8677102578764,17.6360850518997,18.7399596168743,14.4892623917672,17.2838046658769,17.3639475209037
"pos_02608_C05637",12.2854578467786,12.6546929888062,11.652381400308,12.5138392535564,15.1163113769657,13.3253456834652,15.6887047879762,14.105768193612
"pos_02615_C01239",17.0461690065839,17.0227844660819,17.0612226828933,16.9950314986438,17.2299019829025,17.2167630002983,17.1568470029144,17.1088622897695
"pos_02649_C00127",14.6571006548868,15.3758293946553,15.1633693307887,14.6470749881037,20.3535112944768,15.5268346362755,20.7724155417866,20.9287557922798
"pos_02688_C00015",14.3679381831482,14.2322327903677,14.5640261874368,13.9978026867795,15.505231106257,14.6793424868605,15.9547524776322,15.7827001302749
"pos_02738_C00035",13.4041908164517,13.6757324097513,13.2469190920416,13.2361506636141,15.3765335753183,13.8067431071887,15.3339660138098,15.5241070447081
"pos_02793_C02353|C00575",14.1689471806148,14.3882383565355,14.3185497441954,14.2604242078343,14.0142911300701,14.614669234069,13.920665309105,14.3094518192186
"pos_02837_C02946",15.6999999729414,16.3356021669777,15.7195753923957,15.9270785321526,15.9603528290217,16.2353976038878,15.6318374946467,16.0398871520298
"pos_02966_C00152",20.4285986060537,20.8288338375814,20.4976194668258,20.5704975379054,20.5864175767062,21.0261302099537,20.6972902923551,20.8973702847323
"pos_02970_C00695",13.0072466248739,13.1110099593165,13.0266975004479,13.1817149938301,13.3102782252953,12.1073302935574,14.0048138046573,14.1122792634464
"pos_03023_C06429",14.478063129421,14.458597218659,14.0952032301832,14.3724381090945,15.2306429658376,15.3796422259345,15.1450770105161,15.0372262680531
"pos_03043_C01909",15.0302766217552,15.6285007156019,15.1896123659488,15.1297107387155,15.9095404967329,16.2497466882295,16.4097939066487,16.5809391803301
"pos_03078_C00836",16.516202296594,16.4993699038805,16.865639685647,16.8478405191203,14.5436057803533,15.4057670591935,13.5687401950289,14.8981855597284
"pos_03184_C00003",15.0948484383545,14.9514369854193,14.927940820201,15.0343714079181,14.9256329036775,15.0310401523834,14.4543576354463,14.7727469096807
"pos_03302_C00597",14.2016089036206,14.1972292730212,14.0884007802615,14.1971206182159,14.5414610845983,15.8311858099356,14.0454300576495,14.9907123845812
"pos_03427_C00847",14.9096939696588,15.2985672554547,14.899302216855,15.3993508993941,13.8491487762577,13.4919613696079,14.4469190844521,13.9041547989346
"pos_03460_C00170",18.4567738406544,18.7304771887075,16.1725112565531,17.143458776397,18.8362456088359,20.5412442911939,16.9090397252307,16.9714417512342
"pos_03534_C04294",15.6888073999497,16.3150417910734,14.9774959352576,16.1599596900206,13.9904543597635,15.9484956887136,11.247917197216,11.6121874962403
"pos_03694_C01005",16.5784914480074,15.9418504126339,16.364104740175,16.5392422331978,16.3573584109279,16.2181683516465,16.3995078266344,16.3206303750488
"pos_03723_C00253",17.6404741539894,15.3836807387017,17.501037124158,17.8829381930979,17.0240003899263,15.3651919672162,16.3210656313037,15.2332490075661
"pos_03842_C00255",15.1895298327046,15.0408532480458,15.1211565758046,15.18917557584,15.3937852391581,14.6403738964679,16.0440134758808,15.3262624114683
"pos_04002_C04067",14.0827452307801,13.9943561211602,14.6399687131628,13.9364811775339,13.7289311723527,13.8156870741315,14.0111530397501,14.7084854206246
"pos_04036_C00299",16.8312028047455,17.1254714869748,16.8084492255441,16.9070950417335,20.4669440985364,16.737526790816,20.8940380914493,21.094534266276
"pos_04044_C00106",13.9842237481974,13.9483514930484,14.1205527564831,14.2479045391441,19.0042284218428,14.4109383969416,19.3557168219802,19.4202567675259
"pos_04080_|C00043",14.4256014597048,14.9668258934863,14.7198352305484,15.0352839200985,18.1536580072257,14.8595823211273,18.1243264490919,18.9159943449802
"pos_04097_C00491",12.1105117156937,12.1027513995531,12.76804323763,12.0817412485613,16.5654739878759,13.4026427172885,14.7006326040919,14.7581421420283
"pos_04116_C01481",12.4998851875255,12.9101139882381,13.4611012730526,12.8039319986506,16.6282132066875,13.0423809323425,15.6824040690733,15.9073723105641
"pos_04133_C00301",14.449161759244,14.2890275574477,15.41412150336,14.3081912442074,17.2331513858255,13.6626260419091,17.1001475356599,17.3439703937575
"pos_04292_C05635",11.6953111295972,11.850625785781,11.9992750874247,12.0566706146212,15.4128984740493,11.5370517517104,15.5165009466126,15.075908565195
"pos_04331_C02140|C05488",12.9840957151688,12.7140548234549,12.693400591162,12.714914964757,14.6010241197752,13.9318390471629,15.0768933894578,15.4479406807759
"pos_04360_C00366",13.4145717418238,13.6905990196857,13.1042170589226,12.984574817529,14.6771151355902,13.8818942489456,15.1576777782352,15.2020708526316
"pos_04453_C00951",14.4301308108218,14.050398685366,14.9695787511795,13.9059423187825,14.170343764814,14.3004609217558,14.3496836248966,14.5055469482509
"pos_04660_C06231",13.9701718900978,14.106913961641,14.0476047432006,14.0303595331979,14.3834538263668,14.0614032908918,13.7276015174613,14.9410110244964
"pos_04717_C00570",16.5229819015009,16.3154707940279,16.8698957169382,16.9555581087361,18.0529720457591,16.4208113260895,17.9492762945479,18.3407056651945
"pos_04724_C03722",16.5295883750813,17.0082928302682,16.7138129832848,16.9537574790587,16.9429156489298,16.8549309055619,17.1877812012589,17.566471320944
"pos_04919_C02376",16.0771041380099,16.6466979759511,16.0440122582731,16.3220764833859,16.5039214600792,16.6359267968641,16.4525553944993,16.9013810684808
"pos_05029_C00969",13.9375772357333,13.5236729929152,13.157465918468,13.1817149938301,13.5930025760043,13.3401278706034,13.7322110357348,13.9994491005032
"pos_05062_C01161",13.7728924484388,14.0079778213974,13.2715273297796,14.0390534682873,13.5027250867456,13.4236938517817,13.4950609875219,13.5311366305596
"pos_05136_C01987",12.029412813881,12.77445319831,12.469760755722,12.7190109930872,13.0691457541174,13.0074781418951,13.1664575552094,13.4436519940267
"pos_05811_C03299",15.896841325973,16.2688972937083,15.9275825102091,15.7437885600519,15.3591658118716,15.4076049886618,15.3315276080689,16.047284104438
"pos_05947_C06423",13.7948314026579,13.2634506924147,14.1358206205573,13.5239975536642,12.5362665457478,13.3428483841701,12.5314251593243,12.6078815246444
"pos_06159_C01551",14.0644465341477,13.8446014352289,14.6338599082096,13.7885722270493,13.5700883069678,12.7527290448751,12.8894379269142,12.0987014855633
"pos_06183_C02918",11.6182450662578,11.9215568027457,11.4703644733576,11.6561334872844,11.7569846724591,12.0493157819334,11.7146899430828,12.1020491215451
"pos_06256_C22040",12.4586720827166,13.6461701682193,13.1582816302762,12.4587906068492,12.186309385012,13.0515169090455,15.1576777782352,13.4436519940267
"pos_06262_C02067",13.0854191168256,12.6406577027598,13.7097499321259,12.5791051296722,13.8694163742489,12.5681826191497,13.5291861696404,13.7754989870283
"pos_06399_C00455",16.0805281853576,15.7409804386211,16.2209570402434,16.0068372822129,15.0351407274847,16.4051073314222,15.2306510197946,14.0693436313533
"pos_06491_C00157",16.6045800198546,16.9911749331215,17.0914694609758,17.0579119198904,16.0478521263743,15.6160861812703,16.1068202007406,16.3900304498543
"pos_06609_C00378",9.90555861604644,13.1110099593165,13.0266975004479,14.3830162464974,10.1618592979538,13.0766984724403,12.9953227550955,10.3442084679296
"pos_06642_C00092|C00275",19.8861921283362,19.9037180954148,19.8572206554364,19.7691908557829,18.6796665254766,18.4613300710661,18.5810656969824,18.9699884498532
"pos_06717_C03139",15.9652303871663,15.6264920433159,15.8785390414786,15.6542660745191,14.1588946816353,13.9479171822114,14.1184011555939,12.8756879541654
"pos_06817_C02953",12.9731623476791,11.7188500074433,11.5359561076954,12.7308362293516,11.5024782510847,12.1605001790593,11.4478063409804,11.3287996301457
"pos_06833_C05135",13.0072466248739,13.0866315883599,13.2479557964459,13.3992960922664,13.3180945571126,13.0766984724403,13.8436236713246,12.8354699518434
"pos_07057_C02714",14.3924019260055,14.5457271673485,14.3317417824821,14.4224231035307,14.7285771132315,14.7880018663097,14.3345018324671,14.6309796736318
"pos_07536_C04148",12.54816799707,12.9657751232122,12.7120549586422,12.7308362293516,11.3466064653947,12.7219177650634,11.0317648666923,12.8923007361038
"pos_07932_C19615",12.9221901965024,12.9657751232122,13.3506449614668,12.7791198456639,12.8066012486717,12.7687230492355,12.7053991210961,13.1895529371892
"pos_08123_C00213",17.4670299464793,17.0896031597615,17.5606754514868,17.1058657452919,17.6050769190501,17.4527904589643,17.4490639054673,16.7624089401705
"pos_08124_C00099",18.8785615186853,19.1504576577449,18.9594925171615,18.9573640173453,19.3638821364402,19.7272832162535,18.9427222152857,19.3109593638786
"pos_08125_C00123",24.7448541196805,24.8282385737051,25.2129013235997,24.7357592638943,25.2225322300787,25.2384773681575,25.684804399716,26.5043619981538
