"met_id","pval","padj","log2fc"
"neg_00021_C00245",1.72582524454318e-05,0.00014885242734185,-0.521174021651831
"neg_00083_C01879",0.013268069032528,0.0243483181713944,-0.607506292591303
"neg_00096_C00025|C00979",0.00845723214670655,0.0162096949478542,-0.326055624552559
"neg_00096_C00025|C00979",0.00845723214670655,0.0162096949478542,-0.326055624552559
"neg_00123_C00209",0.0289214562199753,0.0477411597889545,1.56233863901542
"neg_00135_C00158|C00311",0.000535533987219731,0.00160660196165919,0.600554974028793
"neg_00135_C00158|C00311",0.000535533987219731,0.00160660196165919,0.600554974028793
"neg_00188_C00049",0.117326967137351,0.158736484950534,-1.02809731564388
"neg_00192_C03547",0.000395266211630063,0.00129873183821306,-0.45999363130338
"neg_00196_C01601",0.000565591240275293,0.00168214636116359,-0.620740284704134
"neg_00197_C00249",3.02115954486257e-05,0.000200442315957228,1.20096641414363
"neg_00201_C00186|C02154",0.578301797172916,0.627402893159296,-0.0501363292139061
"neg_00201_C00186|C02154",0.578301797172916,0.627402893159296,-0.0501363292139061
"neg_00202_C01530",0.000321263505798084,0.00111089200794118,0.732650096955645
"neg_00213_C06423",0.000328437637130437,0.00111089200794118,-0.835019205211903
"neg_00229_C06424",3.40999515152768e-06,4.35721602695203e-05,1.29471489603455
"neg_00230_C17714",0.00931485491305382,0.017754833950296,-0.477149221439152
"neg_00233_C00042|C02170",0.270516135952071,0.328619953885439,0.178099817849503
"neg_00233_C00042|C02170",0.270516135952071,0.328619953885439,0.178099817849503
"neg_00236_C02679",0.24212900188536,0.298337520180176,0.153547291074723
"neg_00241_C01571",0.000200771812390338,0.000752894296463768,-0.644221761398626
"neg_00259_C00064",0.105528353362016,0.145629127639582,0.130817363243303
"neg_00269_C07086",0.00066378654935353,0.0019083863293914,0.797648783951551
"neg_00277_C01384",0.0262391329375825,0.0435216387666633,-0.851998060172853
"neg_00278_|C01712|C00712",0.521857313178346,0.573378258109966,-0.143239021238649
"neg_00278_|C01712|C00712",0.521857313178346,0.573378258109966,-0.143239021238649
"neg_00284_C08356|C00137|C00936|C01487||C19891",0.0252109588830224,0.0424281990958182,-0.317832708320953
"neg_00284_C08356|C00137|C00936|C01487||C19891",0.0252109588830224,0.0424281990958182,-0.317832708320953
"neg_00284_C08356|C00137|C00936|C01487||C19891",0.0252109588830224,0.0424281990958182,-0.317832708320953
"neg_00284_C08356|C00137|C00936|C01487||C19891",0.0252109588830224,0.0424281990958182,-0.317832708320953
"neg_00284_C08356|C00137|C00936|C01487||C19891",0.0252109588830224,0.0424281990958182,-0.317832708320953
"neg_00287_C01697|C00392|C00794",0.0727380222485195,0.105884462766832,-0.472146812343601
"neg_00287_C01697|C00392|C00794",0.0727380222485195,0.105884462766832,-0.472146812343601
"neg_00287_C01697|C00392|C00794",0.0727380222485195,0.105884462766832,-0.472146812343601
"neg_00293_C00791",0.109742555942199,0.150304246755706,0.580784141652948
"neg_00295_C01551",0.521139842652345,0.573378258109966,-0.116319602405305
"neg_00299_C01727",0.00190874590841976,0.00463744604510436,1.49323914722452
"neg_00305_C00407|C00123|C01933",1.49796278367349e-05,0.000133951544659932,-0.700373613472955
"neg_00305_C00407|C00123|C01933",1.49796278367349e-05,0.000133951544659932,-0.700373613472955
"neg_00305_C00407|C00123|C01933",1.49796278367349e-05,0.000133951544659932,-0.700373613472955
"neg_00319_C04025",5.83012530190447e-05,0.000309445112178006,1.26012845311055
"neg_00326_C00262",0.252079150738745,0.308394705691018,-0.0948585484045488
"neg_00327_C00587",0.00145655766144515,0.00375009248655653,-0.413251497902628
"neg_00330_C00183||C01799",0.246545232296997,0.302697883069267,-0.413825272312049
"neg_00330_C00183||C01799",0.246545232296997,0.302697883069267,-0.413825272312049
"neg_00333_C00163",0.118028672006328,0.159062077508528,-0.217870931950802
"neg_00337_C00785",0.636918104678973,0.671977816863136,-0.152003968083456
"neg_00341_C03196",0.0563405191382742,0.0845107787074113,-1.29872410276468
"neg_00369_C00366",1.5142348526775e-05,0.000133951544659932,-3.90606856545363
"neg_00375_C00148",1.94616043447727e-06,2.79760562456107e-05,-0.771110531808404
"neg_00385_C00065",1.49069230563024e-06,2.44899450210682e-05,-0.999460550861471
"neg_00386_C00385",1.36593193419637e-05,0.000130901810360486,-2.11640229566758
"neg_00389_C15923|C08356|C00936|C00267|C01487",0.000965482393307551,0.00260227676321176,0.394393741745201
"neg_00389_C15923|C08356|C00936|C00267|C01487",0.000965482393307551,0.00260227676321176,0.394393741745201
"neg_00389_C15923|C08356|C00936|C00267|C01487",0.000965482393307551,0.00260227676321176,0.394393741745201
"neg_00389_C15923|C08356|C00936|C00267|C01487",0.000965482393307551,0.00260227676321176,0.394393741745201
"neg_00389_C15923|C08356|C00936|C00267|C01487",0.000965482393307551,0.00260227676321176,0.394393741745201
"neg_00395_C08261",5.12380954714688e-05,0.000289789228486176,2.03121384275225
"neg_00417_C00213|C00041|C00133",0.00473452354394558,0.00978830231510746,-0.352795731207983
"neg_00417_C00213|C00041|C00133",0.00473452354394558,0.00978830231510746,-0.352795731207983
"neg_00417_C00213|C00041|C00133",0.00473452354394558,0.00978830231510746,-0.352795731207983
"neg_00424_C00188|C00263|C05519",4.31332832525785e-05,0.000254408123109627,-0.573573430941927
"neg_00424_C00188|C00263|C05519",4.31332832525785e-05,0.000254408123109627,-0.573573430941927
"neg_00424_C00188|C00263|C05519",4.31332832525785e-05,0.000254408123109627,-0.573573430941927
"neg_00432_C00079",8.36338086091882e-07,1.69727435118647e-05,-1.19332789335037
"neg_00439_C03761",0.622526165049818,0.661232876441072,-0.100314672888629
"neg_00447_C03739|C01585",0.0327342668065636,0.0525270792942532,0.492976073138973
"neg_00447_C03739|C01585",0.0327342668065636,0.0525270792942532,0.492976073138973
"neg_00448_C03067|C00539|C00633",9.92526628180391e-06,0.000100712260800657,-0.62920957872878
"neg_00448_C03067|C00539|C00633",9.92526628180391e-06,0.000100712260800657,-0.62920957872878
"neg_00448_C03067|C00539|C00633",9.92526628180391e-06,0.000100712260800657,-0.62920957872878
"neg_00453_C00671|C00233",0.970945898533634,0.973416708762294,0.00989339695662039
"neg_00453_C00671|C00233",0.970945898533634,0.973416708762294,0.00989339695662039
"neg_00481_C00506",0.0102921374833148,0.0195098210535363,1.6188356706061
"neg_00490_||C18218",0.000105542614623474,0.00045515252556373,0.8152042347067
"neg_00494_||C06104",0.177814386439106,0.229760162252778,0.357656949271977
"neg_00495_C00327",0.352956823463151,0.408624510385192,0.141395083646746
"neg_00508_C00346",0.443291027193211,0.497036544803345,-0.0841755117016305
"neg_00511_C01157",0.000317976274050407,0.00111089200794118,-0.9752351536887
"neg_00516_C08278",0.00196835292104568,0.00474882348084448,0.919301110025273
"neg_00520_C05942",0.478191637835331,0.53218101630061,-0.113636910194632
"neg_00524_C00153",0.001886225411969,0.00461523239098797,-0.507900284157852
"neg_00527_C01620",0.443731176230233,0.497036544803345,0.120564021676763
"neg_00534_C00093|C02979",0.00469176304205627,0.00978830231510746,1.36408775638927
"neg_00534_C00093|C02979",0.00469176304205627,0.00978830231510746,1.36408775638927
"neg_00542_C00294",0.893534874116047,0.904016221613009,-0.0697230143580789
"neg_00543_C00111",0.0630487385338433,0.0937578223886893,-0.32814326291178
"neg_00546_C00147",0.348083854543067,0.404339831034876,-0.328254874580896
"neg_00550_C00020",0.944638503406048,0.952142226470938,0.00677992214654921
"neg_00554_C00300",0.000249587705048864,0.000903825097509924,-0.454584341418251
"neg_00559_C01595",0.0421609597617349,0.0649354067758863,-0.402484922532526
"neg_00560_C00037",0.226520417437594,0.283150521796993,-0.0898698654274277
"neg_00561_C00122",0.00021335070072686,0.000791462276889966,0.596312007279572
"neg_00570_C03736|C00231",0.00301451262536575,0.00688746262086877,0.654101394469826
"neg_00570_C03736|C00231",0.00301451262536575,0.00688746262086877,0.654101394469826
"neg_00571_C00446|C00275||C00103",0.347359709946233,0.404339831034876,0.315465147211672
"neg_00571_C00446|C00275||C00103",0.347359709946233,0.404339831034876,0.315465147211672
"neg_00571_C00446|C00275||C00103",0.347359709946233,0.404339831034876,0.315465147211672
"neg_00574_C00152",5.25518423718738e-05,0.000292251538040885,-0.565305771630278
"neg_00576_C00106",8.31597302095023e-05,0.000387704147598355,-4.18463847940313
"neg_00577_C01019|C07326",0.0916634733499369,0.129606140597247,0.204584759680472
"neg_00577_C01019|C07326",0.0916634733499369,0.129606140597247,0.204584759680472
"neg_00586_C00130",0.833588774164142,0.848342557777667,-0.0333107522675284
"neg_00592_C01384",6.89535267777432e-05,0.000346283905124059,2.0033959039203
"neg_00594_C01042",0.743455790318148,0.770246989969253,-0.11128437854348
"neg_00598_C08362",0.011636682373841,0.0219380077539626,-0.673603730070855
"neg_00601_C00219",3.74665444474996e-05,0.00023082067561406,-1.22322975894601
"neg_00618_C00242",1.22622916117097e-06,2.23973914726601e-05,-1.46428728410796
"neg_00630_|C05984",0.00577228284951752,0.0115781254830439,0.759052197143276
"neg_00647_C19910",0.0130470074415518,0.024070682178264,0.434603248946274
"neg_00656_C00864",0.72455627826899,0.757490654553943,-0.063867548776603
"neg_00684_C19806",1.29305134670576e-07,4.05547922375898e-06,1.58835171409448
"neg_00694_C00956",0.126352745063155,0.16830771060536,0.293114530580823
"neg_00707_C00105",2.30224356255277e-05,0.000173857158308504,-2.5503134336699
"neg_00714_C00116",0.0846071830460729,0.120888448971407,-0.181583095167852
"neg_00718_C00258",0.163323512511201,0.212628723835337,-0.634259073283527
"neg_00731_C00606",0.000257383744087528,0.000915437027940175,-1.53722811826398
"neg_00733_C00624",0.00179096792608819,0.00441345667500303,0.653726051524718
"neg_00749_C00144",2.068927565154e-05,0.000165995351157704,-2.31233899817495
"neg_00750_C00379|C00474|C00532",0.239680472915698,0.296379079411884,0.126449343031499
"neg_00750_C00379|C00474|C00532",0.239680472915698,0.296379079411884,0.126449343031499
"neg_00750_C00379|C00474|C00532",0.239680472915698,0.296379079411884,0.126449343031499
"neg_00756_C01586",0.0503127620101782,0.076131153041717,-0.519615075401678
"neg_00759_C00588",7.97098356052994e-07,1.69727435118647e-05,-0.871623113778234
"neg_00762_C00715",0.00414948381038529,0.00900359694706242,0.431594011844922
"neg_00790_C00055",0.0177156960358764,0.0308682582443301,-0.94734374337575
"neg_00797_C01216",0.000862667707375367,0.00234346739405119,1.94340173205792
"neg_00801_C06426",0.0016278862169188,0.00406971554229699,-0.929959148900778
"neg_00807_C06429",8.57170474533967e-05,0.000394298418285625,-1.28585290188551
"neg_00813_C01262",0.118992124057227,0.159736508948418,0.33488943010572
"neg_00848_C00879",2.89403157517274e-05,0.000195772724202862,-0.982830142669831
"neg_00857_C00475",0.000716323998932245,0.00202567032484938,-1.73074770217352
"neg_00866_C00386",1.16943113702827e-08,5.04317177843443e-07,1.7604136667038
"neg_00872_C00318",0.00426259551335592,0.00907568286698441,0.327070869648075
"neg_00890_C01685",0.000488531758593768,0.00149153501517566,-0.790176769860551
"neg_00908_C01004",0.186701311618052,0.238562787067511,0.274434935208925
"neg_00921_C00805",9.22140315166809e-05,0.000413166764587726,-0.960565281635605
"neg_00930_C00257",0.0295671415381639,0.0485745896698407,0.905554290891043
"neg_00942_C00191",0.301247535214574,0.358380688444924,-0.336624661747653
"neg_00987_C01046",0.000823562946947389,0.00227303373357479,-2.15741927986588
"neg_01018_C02180",0.0144095542252241,0.0260277288361377,-2.00485587468552
"neg_01020_C03242",0.00554994686736416,0.011329773190773,-0.621562343020926
"neg_01243_C19501",0.151009107229918,0.199609739441845,-0.343304381373827
"neg_01267_C00082",2.43018559613594e-05,0.00017769392957122,-3.75929867494248
"neg_01277_C00299|",0.000177100076351108,0.000678883626012581,-3.00848762683505
"neg_01306_C00051",0.000147369951626681,0.000584398084036839,-5.5106072386419
"neg_01362_C00847",2.62450725003741e-05,0.000184786734951614,0.82245455863395
"neg_01367_C16513",9.96946452943321e-05,0.000435375349703096,-1.0995872785076
"neg_01416_|C00803",0.551943332872779,0.602596360256673,0.0727098733501563
"neg_01420_C02710",0.153626069326921,0.201524691702615,-0.343721102133328
"neg_01439_C00212",0.00738128030688681,0.0143064140779548,0.629331416176049
"neg_01464_C00387",0.00688522966740122,0.0134966149730308,-1.84740517765255
"neg_01498_C00263",0.000111004673071824,0.000467192172943215,-0.61690210050585
"neg_01640_C03045|",0.001058067653336,0.00280794877231476,0.699093299439822
"neg_01650_C16527",3.39304076866998e-06,4.35721602695203e-05,-0.93470933558465
"neg_01696_C00022",0.000712870538703716,0.00202567032484938,-2.77087935301955
"neg_01726_C02305",0.720081864502975,0.755101043323789,-0.0873267363983299
"neg_01757_C00026",3.72263687909023e-05,0.00023082067561406,-1.22289844355986
"neg_01771_C01062",0.000251499157567979,0.000903825097509924,1.44049041985517
"neg_01794_C02656",0.0182936962747053,0.0315566260738666,0.563870587110221
"neg_01932_C07086",0.0139620540941849,0.0254862892195439,0.563343815606121
"neg_01940_C00418",0.00059565490931478,0.00175641832233846,-2.1031300760803
"neg_01974_C04067",0.505787988014515,0.559284794439127,0.26499783069497
"neg_02055_C07588",0.49378531582009,0.547768276392061,-0.0949478661406307
"neg_02088_C00149",0.0127515903462232,0.0236521433841236,0.241019902302476
"neg_02096_C05629",0.15347999951926,0.201524691702615,1.07111636532758
"neg_02097_C05629",0.207604312842624,0.263321646804064,1.04960847657232
"neg_02109_C00295",1.79110295980086e-05,0.000150714761251536,-3.5537362159272
"neg_02113_C01762",1.86314096257963e-06,2.79471144386944e-05,-2.12996921227978
"neg_02132_C00525",0.000164208364401725,0.0006437714286204,-4.78173958739808
"neg_02139_C04083",0.0141648834040497,0.0257204461810377,-0.534671450431453
"neg_02145_C00074",7.7832467399435e-09,4.21572191513102e-07,-3.53821910315783
"neg_02147_C00109",0.216971703055465,0.27319429764283,0.179753523343447
"neg_02170_C03406",0.0197610898668245,0.0335841182465736,-0.361081391000706
"neg_02176_C01005",0.0409274087471425,0.063318188420467,-0.389019514851334
"neg_02177_C00491",4.09821713221087e-05,0.000248049984318026,-3.13020782959838
"neg_02206_C02067",0.00345906447645942,0.00774920288557467,-1.64192577801841
"neg_02215_C00015",0.000442890803614894,0.00138906661133762,-1.46409995537688
"neg_02344_C00345",0.0323549862855258,0.052161076021058,0.596107282811897
"neg_02358_C05122",0.406490332199899,0.462567114763713,0.570004835791147
"neg_02373_C16526",0.453624241190787,0.506473667348937,-0.146200869405776
"neg_02520_C00581",0.00278293565283392,0.00640075200151801,-0.460138880834105
"neg_02587_C02353|C00575",0.14910220629459,0.197847158352437,-0.235686960440377
"neg_02587_C02353|C00575",0.14910220629459,0.197847158352437,-0.235686960440377
"neg_02620_|C00141",0.432551625978698,0.489279708074265,-0.195354375935654
"neg_02651_C01083|C00243|C00089|C00208|C06422|",4.35074761259943e-05,0.000254408123109627,0.523465281334323
"neg_02651_C01083|C00243|C00089|C00208|C06422|",4.35074761259943e-05,0.000254408123109627,0.523465281334323
"neg_02651_C01083|C00243|C00089|C00208|C06422|",4.35074761259943e-05,0.000254408123109627,0.523465281334323
"neg_02651_C01083|C00243|C00089|C00208|C06422|",4.35074761259943e-05,0.000254408123109627,0.523465281334323
"neg_02651_C01083|C00243|C00089|C00208|C06422|",4.35074761259943e-05,0.000254408123109627,0.523465281334323
"neg_02683_C14829",0.00233366638018207,0.00547697211675383,1.29635336358369
"neg_02693_C01234",0.0124618495937194,0.0233659679882238,0.372314518665172
"neg_02727_C01181",7.81853375415388e-07,1.69727435118647e-05,0.817932523965
"neg_02893_C00519",7.00438443964054e-06,7.55160197398745e-05,-3.26710540228613
"neg_02897_C06428",0.000117684125971807,0.000489168957352692,-1.43235845889791
"neg_02928_C05472",0.000482894358991566,0.00148748708796509,-2.43767757761603
"neg_02981_C00328",0.00227128391629876,0.00536707500769227,-2.14156633466193
"neg_02986_C01494",0.598979933042325,0.643763479438012,-0.0683981860327805
"neg_03192_C16358|C16357|C16353",4.53933091393448e-06,5.40023850105999e-05,2.65441080588555
"neg_03192_C16358|C16357|C16353",4.53933091393448e-06,5.40023850105999e-05,2.65441080588555
"neg_03192_C16358|C16357|C16353",4.53933091393448e-06,5.40023850105999e-05,2.65441080588555
"neg_03256_C08317|",4.317342397419e-06,5.31958259681984e-05,0.824237236314824
"neg_03357_C00539",0.00418430299717515,0.00902240333765891,-0.529316668139163
"neg_03444_C00253",0.72942694643678,0.760278841452233,0.0999558700305236
"neg_03517_C00048",0.00424698897404005,0.00907568286698441,-0.541695460836877
"neg_03687_C00476|C01508",0.0363679101717518,0.0570314954966108,0.271916218365647
"neg_03687_C00476|C01508",0.0363679101717518,0.0570314954966108,0.271916218365647
"neg_03701_C02632|C00246",1.62170974550645e-06,2.54313573727148e-05,-1.17158269978023
"neg_03701_C02632|C00246",1.62170974550645e-06,2.54313573727148e-05,-1.17158269978023
"neg_03776_C00181|C02479",0.0947536899369342,0.132348271369402,-1.34485952753445
"neg_03776_C00181|C02479",0.0947536899369342,0.132348271369402,-1.34485952753445
"neg_03796_C00645|C00140|C05021",0.0353134898928741,0.0556308402421989,0.376660007761268
"neg_03796_C00645|C00140|C05021",0.0353134898928741,0.0556308402421989,0.376660007761268
"neg_03796_C00645|C00140|C05021",0.0353134898928741,0.0556308402421989,0.376660007761268
"neg_03870_C05842",9.59330856441267e-05,0.000424319417272099,-2.98623765924355
"neg_03925_C06470",0.62808409623512,0.664690224543302,-0.101145931429679
"neg_03954_C02835",0.160141920845877,0.209276373832681,-0.214561009444198
"neg_03986_C01047",0.232148240925679,0.28913770079191,-2.63700326580195
"neg_04012_C00408",0.0342788248349217,0.0544985924794838,-0.422571665415848
"neg_04426_C00166",0.094623039594126,0.132348271369402,-0.315589766662148
"neg_04443_C00008",0.070779788379476,0.103470453351353,-0.3585611697959
"neg_04541_C11512",0.10510847718495,0.145629127639582,0.250643434887603
"neg_04573_C00314",0.00322855108947252,0.00728006618214392,-0.591655543954181
"neg_04626_C00041",0.000111042777337228,0.000467192172943215,-0.452427498953895
"neg_04627_C00123",0.0262294698454829,0.0435216387666633,-0.515025018665558
"pos_00009_C00183||C01799",0.000134555654581428,0.000546137656830503,0.498741888786391
"pos_00009_C00183||C01799",0.000134555654581428,0.000546137656830503,0.498741888786391
"pos_00011_C00791",0.0300166070456509,0.0488477803337243,0.768781099180693
"pos_00015_C00300",0.00322372966030006,0.00728006618214392,-0.256660345287205
"pos_00020_C00148",0.000342150702170387,0.00114603875969693,-0.37561308411625
"pos_00029_C14829",0.00465414122370757,0.00978830231510746,0.634566671603498
"pos_00032_C00318",0.00158547967760669,0.00399263130492194,0.403050982697948
"pos_00054_C00064",0.05201703188633,0.0783662707457809,0.190215720874942
"pos_00059_C00785",0.0013493474310902,0.00352670351307666,1.21419119906935
"pos_00083_C00262",0.293673132634041,0.351795940134528,0.0749186435857432
"pos_00084_C00407|C00123|C01933",0.00843792154005671,0.0162096949478542,-0.212154212917167
"pos_00084_C00407|C00123|C01933",0.00843792154005671,0.0162096949478542,-0.212154212917167
"pos_00084_C00407|C00123|C01933",0.00843792154005671,0.0162096949478542,-0.212154212917167
"pos_00146_C00079",0.21215511082216,0.268108107082949,-0.329150080662956
"pos_00147_C00025|C00979",0.112836445210675,0.153867879832739,0.132687536898818
"pos_00147_C00025|C00979",0.112836445210675,0.153867879832739,0.132687536898818
"pos_00152_C01412",0.100318143410168,0.139555481760112,1.06064768216054
"pos_00177_C00213|C00041|C00133",0.742955955010761,0.770246989969253,-0.0229317013053212
"pos_00177_C00213|C00041|C00133",0.742955955010761,0.770246989969253,-0.0229317013053212
"pos_00177_C00213|C00041|C00133",0.742955955010761,0.770246989969253,-0.0229317013053212
"pos_00183_C03739",0.000325568651545324,0.00111089200794118,1.2605734148127
"pos_00212_C00245",0.0321644360984962,0.052097326075029,-0.163383487930261
"pos_00260_C01879",0.407595370690344,0.462567114763713,-0.245432823625208
"pos_00291_C00082",3.70123084108992e-05,0.00023082067561406,-3.35802611939936
"pos_00293_C00327",0.00260732839349629,0.00603710265608202,0.408632062470975
"pos_00328_C01157",0.0169437295764903,0.0299773677122521,0.330422224532356
"pos_00346_C00864",0.298248172504278,0.356040205930713,0.235983108328774
"pos_00355_C02240",0.75588144809467,0.780775747283417,0.165984667653374
"pos_00361_C17714",0.437604149632122,0.493377227526412,0.0994255873334211
"pos_00384_C00037",0.0039380750636827,0.00861483099301895,0.31567020337955
"pos_00397_C03690|",6.16933379244655e-05,0.000322487902786979,0.95975488117927
"pos_00424_C04083",0.000143438837962413,0.000575423245314332,0.692582743374695
"pos_00483_C00588",0.00171862896499207,0.00426566181958464,-0.637542908572549
"pos_00494_C11512",0.398909746210218,0.455708153783196,0.141303935029924
"pos_00510_C00065",0.000426453731211901,0.00137501436699164,-0.383770282756835
"pos_00540_C00188|C05519",0.121398110741134,0.162334682967795,0.11996061458289
"pos_00540_C00188|C05519",0.121398110741134,0.162334682967795,0.11996061458289
"pos_00866_C00418",0.000358695048042613,0.00118990184206444,1.72526855857797
"pos_00870_C00049",0.588745409275989,0.635246594219972,0.490753434323373
"pos_00885_C00147",0.00552910748866844,0.011329773190773,0.63756421521034
"pos_00886_C00020",0.0347155641600115,0.0549397689688255,0.422917403309267
"pos_00887_C00294",0.0847971149306682,0.120888448971407,0.689280128405528
"pos_00890_C00212",2.11999356587852e-06,2.92559112091236e-05,1.06384282667822
"pos_00894_C00242",2.60679898785769e-09,1.7986913016218e-07,-2.81939362389585
"pos_00900_C01046",0.00150379505906598,0.00381804536227921,-1.56555188574125
"pos_00904_C01181",3.01587206784796e-10,3.46825287802516e-08,1.26987861344322
"pos_00915_C00140|C05021",0.000324862837500206,0.00111089200794118,1.60519598675915
"pos_00915_C00140|C05021",0.000324862837500206,0.00111089200794118,1.60519598675915
"pos_00917_C00385",1.8489821440119e-05,0.000151880676115263,-2.39586898671605
"pos_00920_C01234",0.182224275830364,0.234579758065207,0.11846540335447
"pos_00923_C01004",0.00251706113479073,0.00586747359123515,0.620509630708593
"pos_00925_C00581",6.92567810248118e-05,0.000346283905124059,-0.581513554760679
"pos_00931_C02862|",3.27285595488711e-08,1.16284062679397e-06,-1.847650048925
"pos_00942_C00346",0.314531429031721,0.372898085965443,0.18315625945927
"pos_00943_C00475",0.00123041863668252,0.00324041549355319,-0.919535843721494
"pos_00950_C00157",0.829358586075956,0.846534651468062,-0.0475731609826262
"pos_00951_C00408",0.317466946163346,0.375089371323132,-0.144398819998479
"pos_00954_C02721",1.54189059928884e-11,3.97393810557223e-09,-2.25337646333546
"pos_00956_C00506",0.00473810575832738,0.00978830231510746,2.60016977278432
"pos_00966_C01104",0.00150508454860862,0.00381804536227921,1.53555511014093
"pos_00968_C03017",1.43280357823712e-06,2.44899450210682e-05,0.867302245174244
"pos_00972_C00130",0.0635017899465993,0.0940262555003295,0.352977091033615
"pos_00977_C10172",1.47253854086851e-09,1.27006449149909e-07,1.25479871946027
"pos_00991_C00956",0.00019232672526821,0.000729150771621236,0.728340632877448
"pos_01017_C00144",2.47226336794741e-05,0.00017769392957122,-2.19260499098113
"pos_01031_C00093|C02979",8.07308799216647e-07,1.69727435118647e-05,1.80052644738692
"pos_01031_C00093|C02979",8.07308799216647e-07,1.69727435118647e-05,1.80052644738692
"pos_01047_C00105",1.02670433267702e-05,0.00010120371279245,-2.06949776277203
"pos_01057_C02990",0.000839282412336411,0.00229803517663541,0.891762840873568
"pos_01059_C00387",0.00668819341616408,0.0131852955918663,-1.61026044737273
"pos_01075_C00055",0.589214232319974,0.635246594219972,0.264905842638569
"pos_01084_C00380",0.00204320340930685,0.00486141500835078,-1.9256338020368
"pos_01087_C19910",0.00374861238669242,0.00834368563489602,0.787714527111021
"pos_01089_C01262",0.000786573365244832,0.00220624236593063,1.59796790006225
"pos_01118_C05122",0.000476699476135167,0.0014816335069066,3.5711942314711
"pos_01127_C16512",0.000442494040616217,0.00138906661133762,0.948094082084797
"pos_01129_C05378",0.0784666487084265,0.112866843564859,0.483832852236194
"pos_01153_C03736",3.16428717457562e-05,0.000205977184005394,2.12709060029995
"pos_01170_C01035",0.0428785766148668,0.0657471508094624,0.551036652634366
"pos_01174_C00715",0.0169005014167284,0.0299773677122521,0.321382721399573
"pos_01209_C01586",0.608812002296188,0.650279073660015,-0.0770312000135505
"pos_01253_C00599",2.31809544411339e-05,0.000173857158308504,3.70924906652503
"pos_01259_C00519",7.97546051470025e-06,8.33798144718663e-05,-2.9192337187645
"pos_01315_C00386",2.30373223511434e-11,3.97393810557223e-09,3.11986055742785
"pos_01331_C00006",0.00648802331314214,0.012864184155368,0.808378120330996
"pos_01333_C03406",0.224121666974273,0.281170818567724,-0.109177674930756
"pos_01357_C02642",0.0254555372249179,0.0426318463232849,0.728921644199698
"pos_01359_C02835",0.185250504675557,0.237588937223298,0.160360539475771
"pos_01367_C00446|C00275||C00103",8.55363866838178e-09,4.21572191513102e-07,1.68365795074542
"pos_01367_C00446|C00275||C00103",8.55363866838178e-09,4.21572191513102e-07,1.68365795074542
"pos_01367_C00446|C00275||C00103",8.55363866838178e-09,4.21572191513102e-07,1.68365795074542
"pos_01389_C05122",8.85283444142398e-05,0.000401872089775168,1.23756221127537
"pos_01442_C00881",0.00602750982276922,0.012020178548297,-1.10759216966498
"pos_01462_C12989",0.0125731104772113,0.0234471519710156,0.453985048431697
"pos_01505_C02710",0.0298184028677972,0.0487552084805214,-0.798294888486277
"pos_01537_C00008",0.238520262276213,0.29600536145789,0.29614761836292
"pos_01540_C00606",0.109787449804168,0.150304246755706,-0.247962094137701
"pos_01634_C00624",1.44653306036857e-05,0.000133951544659932,0.851539375655625
"pos_01637_C03519|",0.852772649057713,0.865313423308561,0.0408016382765464
"pos_01641_C15587",4.49104244416397e-05,0.000258234940539428,-1.091700409723
"pos_01652_C00314",0.262438117725445,0.319933394400278,-0.184227189102106
"pos_01699_C07588",0.369035617388896,0.425810327756418,-0.237384513755428
"pos_01703_C00236",0.603986591642634,0.64712849104568,0.156551601815226
"pos_01732_C00361",2.21948359063748e-07,6.38101532308275e-06,1.99117550257784
"pos_01871_C00777",0.809273602979353,0.830950574487729,0.042477595763124
"pos_01872_C00550",0.392158501103759,0.449483996281717,-0.213822808436849
"pos_01890_C00328",0.000439807574055263,0.00138906661133762,-3.0476121740268
"pos_02039_C00334",0.0172500858132147,0.0302111952579293,0.539043940052945
"pos_02064_C00429",0.0179888166317937,0.0311866418993409,1.13705255840805
"pos_02069_C02305",0.00568020448177113,0.0114600616737488,0.648390818554272
"pos_02170_C10833",0.000636781897316627,0.00184613239138014,0.645327879888974
"pos_02189_C01042",5.33676721639877e-05,0.000292251538040885,1.25733169348112
"pos_02294_C03570",0.0442147026448557,0.0674958956304214,0.409463918864096
"pos_02381_C00525",5.75504583268848e-05,0.000309445112178006,-5.2492328122046
"pos_02438_C00755|C03663|C12064",0.0188192257479034,0.032157153062839,0.331228810610096
"pos_02438_C00755|C03663|C12064",0.0188192257479034,0.032157153062839,0.331228810610096
"pos_02438_C00755|C03663|C12064",0.0188192257479034,0.032157153062839,0.331228810610096
"pos_02472_C00530",0.00379987906699698,0.00840357870585871,0.402778244179576
"pos_02512_C00557",0.0933459147542454,0.131446288123325,0.228192788968419
"pos_02533_C11439 ",0.0072022060055511,0.0140381981464132,2.21289332328722
"pos_02558_C01762",0.546101866755619,0.598111568351393,0.357211852825653
"pos_02608_C05637",7.35237243516361e-05,0.000357263167624147,-2.28243963814248
"pos_02615_C01239",0.038056503710384,0.0591418638742454,-0.146791655420451
"pos_02649_C00127",0.000171485230333857,0.0006647461175863,-4.43453572409605
"pos_02688_C00015",0.000124304083524062,0.000510534628759539,-1.1900065883231
"pos_02738_C00035",7.29110203255517e-05,0.000357263167624147,-1.61958918979155
"pos_02793_C02353|C00575",0.577092881808249,0.627402893159296,0.0692704991793196
"pos_02793_C02353|C00575",0.577092881808249,0.627402893159296,0.0692704991793196
"pos_02837_C02946",0.780047253827026,0.803332246478579,-0.0463047537796495
"pos_02966_C00152",0.0785160650885978,0.112866843564859,-0.220414728845252
"pos_02970_C00695",0.324592717647048,0.382199616342087,-0.302008127122001
"pos_03023_C06429",4.88226906411898e-06,5.43349299071306e-05,-0.847071695745905
"pos_03043_C01909",2.70198866163516e-05,0.000186437217652826,-1.04297995747995
"pos_03078_C00836",4.85259827575398e-06,5.43349299071306e-05,2.07818845273442
"pos_03184_C00003",0.0696314860200617,0.102224947561367,0.206205012676245
"pos_03302_C00597",0.0163786484873277,0.029277894964394,-0.681107440411353
"pos_03427_C00847",2.13770307618699e-05,0.000167615354837389,1.20368257802757
"pos_03460_C00170",0.377410944393681,0.434022586052734,-0.688687578545675
"pos_03534_C04294",0.00428793132556075,0.00907568286698441,2.58556251859197
"pos_03694_C01005",0.826303304558511,0.845918813272066,0.0320059674391189
"pos_03723_C00253",0.0757875290582214,0.109860073634817,1.11615580348367
"pos_03842_C00255",0.277897250224493,0.33629184152615,-0.215929947645028
"pos_04002_C04067",0.645390373644879,0.678840484474034,0.0973236339445229
"pos_04036_C00299",0.000795342630356035,0.00221284844736155,-2.88020617201995
"pos_04044_C00106",0.000222704513239591,0.000817372947528287,-3.97252696785438
"pos_04080_|C00043",0.000512814652612354,0.00155193908027423,-2.72650365464678
"pos_04097_C00491",6.92500138294678e-05,0.000346283905124059,-2.59096096246163
"pos_04116_C01481",0.000635806828322289,0.00184613239138014,-2.39633451780015
"pos_04133_C00301",0.0149206795238182,0.0268105960193608,-1.71984832322323
"pos_04292_C05635",0.00139967369958138,0.00363073252898929,-2.4851192800358
"pos_04331_C02140|C05488",1.23347953037838e-06,2.23973914726601e-05,-1.98780778565728
"pos_04331_C02140|C05488",1.23347953037838e-06,2.23973914726601e-05,-1.98780778565728
"pos_04360_C00366",8.00993153810063e-05,0.000378551558992427,-1.43119884436038
"pos_04453_C00951",0.973416708762294,0.973416708762294,0.00750382660812576
"pos_04660_C06231",0.190121815185088,0.242036997191348,-0.239604882769752
"pos_04717_C00570",0.00565255661640488,0.0114600616737488,-1.02496470259698
"pos_04724_C03722",0.0455010980324545,0.0691536511946996,-0.336661852250405
"pos_04919_C02376",0.0369159051901208,0.0576289017673831,-0.350973466075853
"pos_05029_C00969",0.279755821791319,0.33629184152615,-0.21608986047478
"pos_05062_C01161",0.114119191454874,0.155004413590281,0.284708627823573
"pos_05136_C01987",0.00202895298044328,0.00486103318231202,-0.673523921062102
"pos_05811_C03299",0.0188282461411405,0.032157153062839,0.422881794225495
"pos_05947_C06423",0.00098841181941498,0.00264342695890053,0.924919663851874
"pos_06159_C01551",0.000425277048546966,0.00137501436699164,1.25513083507877
"pos_06183_C02918",0.06684951704255,0.0985601853832467,-0.239184922343725
"pos_06256_C22040",0.278874380316266,0.33629184152615,-0.529310394564529
"pos_06262_C02067",0.175664464280472,0.227835489386326,-0.431838067170954
"pos_06399_C00455",0.02260077045397,0.0382218912089198,0.827265059095044
"pos_06491_C00157",7.85086016756245e-05,0.000376187049695701,0.896086843900701
"pos_06609_C00378",0.342910317032738,0.402394759783315,0.962048332222258
"pos_06642_C00092|C00275",3.37055254143179e-08,1.16284062679397e-06,1.181067747898
"pos_06642_C00092|C00275",3.37055254143179e-08,1.16284062679397e-06,1.181067747898
"pos_06717_C03139",7.03219666221425e-07,1.69727435118647e-05,2.00590664321848
"pos_06817_C02953",0.089446789269912,0.126992355136295,0.629805072724825
"pos_06833_C05135",0.622900535777822,0.661232876441072,-0.0831891376937008
"pos_07057_C02714",0.0591431689125354,0.088330706817423,-0.197441626568324
"pos_07536_C04148",0.0335883453309505,0.0536480515702682,0.741061118755447
"pos_07932_C19615",0.346902988670951,0.404339831034876,0.136863442663197
"pos_08123_C00213",0.946622561389947,0.952142226470938,-0.0115414801581757
"pos_08124_C00099",0.0172510303356872,0.0302111952579293,-0.34974280523025
"pos_08125_C00123",0.0039453428895565,0.00861483099301895,-0.782105678806605
